"# Synthetic example trace: 3 UHF transmitters, 440-480 MHz"
# RBW_kHz=30
frequency_MHz,level_dBm
440.000000,-99.57
440.100000,-97.73
440.200000,-98.78
440.300000,-97.38
440.400000,-97.25
440.500000,-100.61
440.600000,-100.92
440.700000,-95.98
440.800000,-99.44
440.900000,-99.59
441.000000,-95.03
441.100000,-98.18
441.200000,-95.98
441.300000,-98.14
441.400000,-97.17
441.500000,-100.10
441.600000,-97.19
441.700000,-95.79
441.800000,-97.86
441.900000,-96.55
442.000000,-96.97
442.100000,-100.62
442.200000,-96.45
442.300000,-97.45
442.400000,-99.19
442.500000,-100.81
442.600000,-95.81
442.700000,-98.16
442.800000,-96.69
442.900000,-95.73
443.000000,-96.72
443.100000,-95.47
443.200000,-98.63
443.300000,-96.19
443.400000,-98.33
443.500000,-95.39
443.600000,-95.73
443.700000,-100.42
443.800000,-100.18
443.900000,-99.70
444.000000,-95.21
444.100000,-98.38
444.200000,-97.24
444.300000,-99.19
444.400000,-97.96
444.500000,-98.68
444.600000,-98.89
444.700000,-97.49
444.800000,-97.49
444.900000,-95.57
445.000000,-96.91
445.100000,-95.43
445.200000,-95.86
445.300000,-95.05
445.400000,-96.97
445.500000,-100.02
445.600000,-95.84
445.700000,-95.21
445.800000,-95.57
445.900000,-97.59
446.000000,-96.72
446.100000,-99.73
446.200000,-96.01
446.300000,-97.56
446.400000,-99.29
446.500000,-100.62
446.600000,-95.88
446.700000,-95.06
446.800000,-100.47
446.900000,-96.20
447.000000,-98.54
447.100000,-100.10
447.200000,-99.24
447.300000,-96.39
447.400000,-95.76
447.500000,-100.73
447.600000,-97.31
447.700000,-100.73
447.800000,-96.69
447.900000,-99.01
448.000000,-95.71
448.100000,-95.12
448.200000,-97.97
448.300000,-95.01
448.400000,-99.14
448.500000,-100.54
448.600000,-97.40
448.700000,-100.81
448.800000,-99.82
448.900000,-98.55
449.000000,-97.34
449.100000,-100.06
449.200000,-100.75
449.300000,-95.79
449.400000,-99.12
449.500000,-95.25
449.600000,-95.62
449.700000,-98.73
449.800000,-98.24
449.900000,-97.88
450.000000,-97.14
450.100000,-97.43
450.200000,-97.64
450.300000,-97.28
450.400000,-95.36
450.500000,-97.96
450.600000,-98.41
450.700000,-96.68
450.800000,-99.57
450.900000,-99.19
451.000000,-95.13
451.100000,-97.87
451.200000,-97.71
451.300000,-100.93
451.400000,-98.51
451.500000,-97.52
451.600000,-100.88
451.700000,-97.31
451.800000,-97.21
451.900000,-100.64
452.000000,-97.24
452.100000,-98.20
452.200000,-96.92
452.300000,-98.88
452.400000,-96.76
452.500000,-92.00
452.600000,-82.00
452.700000,-72.00
452.800000,-62.00
452.900000,-52.00
453.000000,-42.00
453.100000,-32.00
453.200000,-22.00
453.300000,-32.00
453.400000,-42.00
453.500000,-52.00
453.600000,-62.00
453.700000,-72.00
453.800000,-82.00
453.900000,-92.00
454.000000,-96.37
454.100000,-100.84
454.200000,-97.58
454.300000,-96.59
454.400000,-99.14
454.500000,-99.66
454.600000,-96.18
454.700000,-99.57
454.800000,-99.88
454.900000,-98.39
455.000000,-96.81
455.100000,-100.39
455.200000,-99.07
455.300000,-99.00
455.400000,-96.00
455.500000,-98.37
455.600000,-95.87
455.700000,-99.98
455.800000,-98.98
455.900000,-97.10
456.000000,-95.69
456.100000,-98.29
456.200000,-99.65
456.300000,-100.27
456.400000,-97.82
456.500000,-99.86
456.600000,-96.16
456.700000,-95.97
456.800000,-99.90
456.900000,-99.33
457.000000,-96.16
457.100000,-97.15
457.200000,-96.16
457.300000,-98.93
457.400000,-100.22
457.500000,-99.25
457.600000,-96.24
457.700000,-99.37
457.800000,-98.92
457.900000,-98.50
458.000000,-98.48
458.100000,-93.00
458.200000,-83.00
458.300000,-73.00
458.400000,-63.00
458.500000,-53.00
458.600000,-43.00
458.700000,-33.00
458.800000,-33.00
458.900000,-43.00
459.000000,-53.00
459.100000,-63.00
459.200000,-73.00
459.300000,-83.00
459.400000,-93.00
459.500000,-97.89
459.600000,-99.27
459.700000,-98.95
459.800000,-99.64
459.900000,-100.59
460.000000,-97.47
460.100000,-99.28
460.200000,-96.14
460.300000,-100.73
460.400000,-95.58
460.500000,-96.84
460.600000,-95.46
460.700000,-95.62
460.800000,-95.60
460.900000,-97.54
461.000000,-100.92
461.100000,-96.53
461.200000,-99.97
461.300000,-99.20
461.400000,-97.02
461.500000,-97.85
461.600000,-98.52
461.700000,-95.37
461.800000,-97.33
461.900000,-98.95
462.000000,-99.49
462.100000,-95.83
462.200000,-98.14
462.300000,-96.31
462.400000,-98.89
462.500000,-99.82
462.600000,-97.79
462.700000,-96.10
462.800000,-91.00
462.900000,-81.00
463.000000,-71.00
463.100000,-61.00
463.200000,-51.00
463.300000,-41.00
463.400000,-31.00
463.500000,-41.00
463.600000,-51.00
463.700000,-61.00
463.800000,-71.00
463.900000,-81.00
464.000000,-91.00
464.100000,-98.16
464.200000,-96.34
464.300000,-100.99
464.400000,-100.67
464.500000,-100.24
464.600000,-100.25
464.700000,-100.59
464.800000,-95.15
464.900000,-95.87
465.000000,-100.48
465.100000,-97.99
465.200000,-99.10
465.300000,-99.11
465.400000,-98.89
465.500000,-97.12
465.600000,-97.48
465.700000,-98.83
465.800000,-99.85
465.900000,-99.03
466.000000,-100.26
466.100000,-97.67
466.200000,-96.70
466.300000,-98.72
466.400000,-100.52
466.500000,-99.93
466.600000,-98.76
466.700000,-97.37
466.800000,-96.30
466.900000,-98.72
467.000000,-96.19
467.100000,-97.26
467.200000,-98.41
467.300000,-98.77
467.400000,-98.02
467.500000,-96.78
467.600000,-98.48
467.700000,-96.84
467.800000,-98.23
467.900000,-99.53
468.000000,-97.78
468.100000,-96.83
468.200000,-100.57
468.300000,-98.45
468.400000,-98.44
468.500000,-95.72
468.600000,-95.38
468.700000,-98.75
468.800000,-95.61
468.900000,-96.25
469.000000,-99.43
469.100000,-98.22
469.200000,-100.26
469.300000,-96.12
469.400000,-97.03
469.500000,-95.68
469.600000,-96.25
469.700000,-96.99
469.800000,-96.60
469.900000,-97.62
470.000000,-100.38
470.100000,-97.47
470.200000,-100.97
470.300000,-100.14
470.400000,-96.35
470.500000,-100.73
470.600000,-100.45
470.700000,-100.40
470.800000,-95.72
470.900000,-99.93
471.000000,-100.86
471.100000,-95.95
471.200000,-100.27
471.300000,-95.94
471.400000,-96.96
471.500000,-95.98
471.600000,-95.29
471.700000,-97.53
471.800000,-96.21
471.900000,-100.78
472.000000,-96.40
472.100000,-97.93
472.200000,-96.71
472.300000,-100.36
472.400000,-96.51
472.500000,-95.39
472.600000,-100.63
472.700000,-99.05
472.800000,-97.62
472.900000,-96.03
473.000000,-99.55
473.100000,-99.92
473.200000,-99.50
473.300000,-97.30
473.400000,-96.48
473.500000,-98.64
473.600000,-98.80
473.700000,-98.62
473.800000,-98.90
473.900000,-98.49
474.000000,-100.50
474.100000,-98.00
474.200000,-95.16
474.300000,-98.52
474.400000,-96.52
474.500000,-100.04
474.600000,-96.85
474.700000,-96.46
474.800000,-96.96
474.900000,-97.90
475.000000,-98.10
475.100000,-97.14
475.200000,-95.62
475.300000,-100.10
475.400000,-100.42
475.500000,-96.51
475.600000,-95.50
475.700000,-97.90
475.800000,-98.34
475.900000,-96.69
476.000000,-99.88
476.100000,-99.40
476.200000,-99.80
476.300000,-97.49
476.400000,-99.11
476.500000,-99.61
476.600000,-96.85
476.700000,-95.28
476.800000,-99.22
476.900000,-96.77
477.000000,-98.52
477.100000,-95.88
477.200000,-97.49
477.300000,-99.40
477.400000,-99.69
477.500000,-100.86
477.600000,-98.12
477.700000,-98.70
477.800000,-99.97
477.900000,-98.84
478.000000,-99.07
478.100000,-96.35
478.200000,-100.14
478.300000,-95.05
478.400000,-98.12
478.500000,-97.41
478.600000,-98.19
478.700000,-95.99
478.800000,-96.07
478.900000,-97.66
479.000000,-98.11
479.100000,-96.68
479.200000,-95.86
479.300000,-98.60
479.400000,-96.60
479.500000,-95.24
479.600000,-98.20
479.700000,-99.62
479.800000,-99.59
479.900000,-96.69
480.000000,-96.95
